mql_id,Days_to_convert
a562fd35af2738ce6d88f785ef4eb134,15
a463cac2327534f6f02563ffbdf92918,15
c733f4f772bfa7b8702ccb81887f8333,15
d2e8ac40dc18011d5ecd890846f36ec1,15
e7d22b2d896aff8c14d0f1f6c7ff151b,15
d4db78e389387c2d6f0b5404cbc61fc5,15
415ae4e297c08fd8790a5b1e1ba8482e,16
e5f15cc640c8a7408103dd190ced966c,16
66744053f818d4032f5ba881340db020,16
593f4a8705fd0d72d47efb651bdfb135,16
42e63e1b4d6aa921fd566bdef26e5ef4,16
70699f79c6aeddeb2d322d7074c2f366,16
1c69de363482d0cbc9b6da97cb49757a,17
b30be338efa14f74a40949dbafd02b57,17
0b32d6a87c09c32b3cd90dfd5ef5699f,17
38427015e9934ea855bd9adcdf32055f,17
41fb0fd43593de7d24448de9f5aea38e,17
3d25d97d74b25fda24861545538d0475,17
b05d4080611fca7960d66263f2b29fa5,17
0456932dafd6f6b56f142efaa19ea8ed,17
c1e598764329cc9c377ef1d029be8ceb,18
fa027edbceb48e6657770c2985172201,18
3d98ceed3d2937a5e819cd5b239220a3,18
55dbee9943100076f718829ec0359185,19
000dd3543ac84d906eae52e7c779bb2a,19
cdd41e8e7e609526df11a959b953cc0d,20
da740a2d739707c310f3762453b41359,20
3a91a097116d6c8b32d41e0c81dd1e9c,21
7281f75a3496aa1e3643f44cd5773a65,21
6bdffb19c15963b8e630b6a1861b477f,21
8d6be534a8bdd08e11efe57c6ce3dd21,22
1d0949fd6674f963b44662838ef3ae09,22
d57b5430f8c6a9fa9d91cb60bd237336,22
bb10ba1898d78d59bb76db2493ca511c,22
37ff30ea1566d0236fbe68c74def55bd,22
29b97ecc5839e61efb7bdc25e979d8c6,23
6dfdc6a7e91f5d20a16c956c33974ca5,23
a4fa73f413400524fef474c93faa5e02,23
4e4e70d504b4c0006c8287dedc99d0fc,24
6fb435d98ce368e0b727cec0f8a2ccfb,24
3461d99a30c72933c66cac4f1c02bd14,25
0338bf13624f52beaca91ec4a23c860c,25
bb221b9bbbf25cc108cffe12fe10fbc2,25
b8a54e345fa5fa48d9f72b7cd514240d,25
7c01802bb3674e5af58547b0395bcb2d,26
4c898465f7e0becf53dd933ab2a1b6f9,73
d8de81eff6dfe582a05bc6981879f01a,74
58b26e6eaeb6ed078b51e6cde7925d71,74
0ace14f7dd3d8e29870664c6fa021440,74
06bc22c1b089be523e97524b67084ca0,75
d6e0ddfc5b05597877a7d5036789a3a1,75
eea8870139b7780b13870d4299006da2,75
d6beac7184414a6487a7edade4c0f2ef,75
ba7fb7aa93b1203a1f5e19b0857870e3,76
56e421575126bfe4c0592353bab5cfe6,76
64c6e872abc90f8a480908b92521e25a,76
a2de60ae969948c62475144651c21281,76
ce518001633ca4e1f2ae4b02f4dcb11f,76
5f1a8a8fddbc8a5ff4bf0f111dc69ff4,77
8e8336b19eec4f492acff4a97a5a4bf4,77
b3d72af547b23265305eda666dd749f9,77
fe75268bb28b40ef89979d0ec2c54497,78
9ef248df74556f4768271660f5ef5f7b,78
4c3419c75074a0734e4d1851aa66eb8b,78
2c5d0b35798bffadf8f67ef0af84d183,79
a58f8a3280b2dd6440d88af9decb9b1f,79
b2fb7865dfca2461177cbad7ec520b0e,79
1dbafa1bd602541ba5249cf8cc388acf,79
8257329475414b1eaf3dc731440e01a7,79
fd582eb497bfc1fdf07f3e7d0e259b70,79
8e3a0c64471d95b0099a960973289946,79
5ac050d44e6476acecf88969950cf3a2,79
85e43237b3fb87d881c757f44f1b0357,80
b1e32544dc409b126235d7b5bc98246e,80
2b9eb12abdcf58e92fcf797a1eb2983d,80
c242ee43f6d34d89ee71b02fbc5e88a7,80
f5baaf0afe419681731ec3d30dafd954,80
a6bf24ce0939b46b6536e02a3d244cc3,80
fc723a87e241c9b3c2e5fd4df4ff8e9d,81
647715020a35f278c5ff9de26e2a4f9b,81
860e39bc33e7c4ca4c26ec67979cc290,81
614a4db226bdaf4ffdbf60e37eda9213,81
b668bbfcf4f79f076b2210cb21e87734,81
e7f70a2ff45e44c7399bebacf3e4771d,81
2e57665b8faf05c967a801eb5aedfa0a,81
b055fc7de322786cd9ddc996cb6e72ff,82
0d99b130d767e50e22b528261ffe5550,82
3c13b54db21952663b5775d142be0ed2,82
a7949e3bfe0d90df9ba1700365ac42c9,82
70217dd96da535e0b862ae12245c8906,82
7c23287c6dd3acd5f4fae4175be75c7e,82
b7f3b8bcd964f9e44b212cceabacf877,82
a15880813bd2f137e9f6922cbb7255bf,83
b223756da60ed5012d1d302bc9f50f6e,83
a06df17094fd9599cad32555b897a0d3,83
da96552c519b38a0d1b5dabc42e6be00,83
085df4d5a370218b679cfab2121cd194,83
450b9ff6579ee8138f673984554e8a93,83
7375737cbc45eaf7c478be2858e294ca,83
c56202b66d431a16fbc0260c3d2bd1f6,83
205a11a1b97d7e8bdb33aa6c36f3ef2a,83
009ff90f082aaa9fcd6e14caf65c7cc6,84
2b094148a9d10109b903715267c4dd14,84
7893b5468710641ad87f8b4aa1b8777d,84
0d8b45d95dc4bd9712dc67f87db79a8e,84
7ccf00b6949c12d2df1963c60fad4f25,84
8b0a6e823972477463ff90b9e804a70c,84
51b030d05fdce1d571c4f55eed93d323,84
062eb81d4674705d10c8ecb848358cb3,84
245710681d51a6dfb80ab06683f3be01,84
c36d210f50e7ef3103da68ab61efd093,85
d348734a9ee240ebc4c0937a6e755621,85
384008daaa0f14b58912d8648101fdd0,85
4dcfeaf97d0aec9f35e384d9c3624b39,85
0a55079ea003674ae2145b02f03ff27d,85
0b97be8b4b408a3a0780a32e0a143a7f,86
4144092976e61a9c32e1c7b205d85452,86
cc7ae92e162840095c5bfa89acbcc478,86
d15288d9955379f7bde91577c9177310,86
a90a37898cc5f2718385a2fb981caaff,87
05d287893f5f083739da863da2c4b6f8,87
62e44187d92348c552952aa4bf152e90,87
8928ccba6d94d5f1481c1065330c6066,87
7b27ab2fbcbe3b67935da0694742ed0e,87
72477e4cbc223fd605cdf76361cbe0a6,87
4de20dd98d2ca78fd643bdc4f0a6359b,88
04ecc73f538bcc74df709fe9281e08b8,88
bfa4c8f989b5998d069da0a75550a7ce,88
b9e0ea8939615cd9008530f5f4e5e54d,88
ff3e7e5ca2f0e0d94bff1aabf7ed6ff3,88
e3c91316d8f28b18d96869aebbb7c3ec,89
e430deb739cc669ad740c421931bc8f8,89
aadd608980d2f5f7ee3942cc912eef00,89
e9356c402558dcf285db53208880d47e,89
fb24fdefb6d2dd80651f6c1a87bc0d7f,89
c9535ee549d198a4b146a5a81e0a6450,89
af727f4749d4bccd52b0d84bcd241a28,89
ee24544795bf59a8343731c3501c6b4e,89
bd503b6e91ef50d1c4c169476158e8eb,90
03ba283fed2772f4e477eea4f0f236b8,90
cc1d6397370f680339bb84ca6ad55267,90
31aa9651503a33c7f28f2a6e4d46b6e0,90
5177d7712d018e49b0015adfdc2bb393,90
5ce2c548b89181fc2a9b18df3882603e,90
dedd5db8f760f36dd41fba0d5e94308b,90
a8aa308791fc464208fb025038454c24,90
6fba9ab96aa12c4c9d01e74b66a74485,91
e5c8f30b30415b1fc94d820ba9d4d08c,91
ab712090eb9a27881b63080c859147de,91
7290c4082936311a3295b7c9ca7bda8f,91
3532ba8963b76ecaa46dc6d6f055a31a,91
b48c62590e6d0cda7b99d3c4053a412b,91
90da5fb6873f5daa02586c51fec88189,91
21dd2bb7a4d988443cb303e42afb8316,91
fc4166d1b1e192f650ee2d807b54c943,92
e3ed7cb7b47e4079cb9fef895846b3e2,92
843966e79e757cf797b7dfe514e30af1,92
503831c6265361a08aa4113b4d867178,92
790d8fa56e05ff05080e6e66fae0272a,92
a38a9af287823928c8b66b29dde21c29,92
48a8b46e7ea342b913b50c7087f78162,93
8aa25d565a8891e68d123138a137622b,93
b17d646e36f5fb120b2ea74c14d39f5c,93
6c1f11f779599fe6d280c41d644ed43b,93
2a0433fde38b262e5db7db757057c7c0,94
5f87a3fcca7c117d0f4186749a5c6c59,94
119ce5d79e3c006a9e46967bff271cb2,95
4e92cdeada5b8e753d95bc8c5c219f6d,95
1ab8d42d9e4a6b86010ac0a10c58fa86,96
cf8f0678e67cb002c2b68f9f68629885,96
d94101ad400cbaf86b951c78f8172039,97
d0dde222e608c66b65d44776bd8b4092,97
d6140c51d9f0507b9a747e63e335be7d,98
d0b16c2b9e945575082a7e81f6f933b0,98
1e8e96e5a2857a7645534e99f20928b7,98
cb92c899ab0e2c0fcf4d4e11e9930f6a,98
d54be8a176d25fedda751546f6276fb6,98
6c465ed53d17739467c95fe414d8e056,99
4433c8475916d6e6ebb8cf4994d2f1d1,99
115f08592f4c2bb29013efbbc46608fc,99
d1d99ef14bb813e29718b9b4df53de52,99
c184064068f67936a71e38a4e6a9e78e,99
d636a570e9dc6d962ffce7426b8b53ad,99
2f9e00b759f8d090d2d2ecae1347104f,99
299d8968ef74c5086cb3ee21f13ed27a,100
dcebacc996ed40656c7097704c600386,100
bf5b131e6aee15fa373fb4d113b4a65c,100
048bb2f901e2c6f99bc9d26b78b47129,101
fceb58eea3ffda92cf9ab32fd9e5fe0d,101
820f7970418d010d52a1c1db2d3c1d65,101
baf5ecd84c6a8766519b98f66eec1511,101
d955b97b28c2966211c9de2fe22fefbd,102
1030d227d3fe9ed0555666c4ffd14ab1,102
fa5e2d8f160a9160ba19cf589cdc017b,102
186f0892f13de5443c0b6d042a6ddde0,102
40955be51cc85c5a5a6cdd12b19e9f10,102
e428d5580f729d23e6070e43c492e424,103
a85d745228d0257adc11fd790a31cee5,103
1ce04284ef15be769958c668292573b8,103
f0affe8ec1361efcafd1816b5b1c2426,103
a555fb36b9368110ede0f043dfc3b9a0,104
356222b46d95b7fb1215f652ea9fd2f3,104
9729df58c832dc4574b1c382191df44a,104
f593b9ead8801922f74f0a5329e31486,105
878c57ac87b8629049a172596fb9a67d,105
e911087c91c63c9d3e7ee83e372d10f7,106
3ce39e5e8a82aa26e73fb52221089d5e,106
d3acf9ea06733ab725beeec8333da403,106
7f06e90b62b8a276308c2756f5afd601,106
c556184b3fe2087834850b68fa435cee,107
2552a7b886c1710f36be92ac29b1362d,107
f5da97d441cd42b0b26c10145b71a923,107
1e2001dab6238763e58c775cba225a16,107
b5d3329593899c7a29511c6110bdc575,107
a4caf71cf38708eaf17117f78fa61c9f,107
cd39b2fcf60d4580dbe25b82be3fd1ab,107
f2258c61a8b46c0620005f5949fb11b8,108
c6a3a2c5533022519407029f38d214fa,108
e9dcae4d924ac8fff2334db6e5b99482,109
f812d76fe4aaf25c32584b9597915c61,109
867b587b7c0da5f1af73b47803e60859,110
9c6dc3ff593093879a0eaf172f13589a,110
1160b456c2b0d88893e20daf51f80f39,111
a397cbaf77babef6e8fbbe9b72c7bee7,111
1f539e92146eac32306bcb0f8ba374ec,111
59c0665c39a2bb9c8776d66f4e8b8f66,112
5931bbfb35cc483290f5dd6a9fda8ee5,112
6fec8c1ba9b9aa79bd26e09fc8aae3eb,112
98826328c3a60215e53b342560084571,112
341d4a2ff35fb1a23abe056798b04d41,113
2c30dbced2ca2da386510d7416679269,115
f9c43d70a22ac65ce5fa816a4c34f8f0,116
1bd7d4eac464cde6f86349cbe0d61385,116
3b9c2023b5da0ffe9aa0a39285c836c6,117
85ac6feb584b665e85664974c546cfec,117
bde34e7721e5a33091503ba45b3f8ea5,124
a045219c760c6f765dfb3c5a6abf54c0,125
e2e3fb19cb1f4edf8c601bab9adbad86,126
1360d3a80eca6292f33a04f7aebb5fee,171
3c803c1d8fef5385ca87aa1f8952338e,174
d78e4f87a5a597a1c8f2663af303e65b,174
01409f7f7f2bd5ec0c1755b362e9db6e,176
f5772c97a8e2bcf909674d8701480d55,179
ddbfc14f2f93b8eeb75d4b11a876b7ba,180
59d49e1ef1cc5496dfde1a1cc0c74004,181
8d4af10effffa338cc97d3ef4b2507dd,181
f74b25a7dc1504cf5a3b964a990266ff,182
d6f0ffd9dd59848ed1b74ad799489755,184
04921466d09d50f6541fdd33b322c876,185
d25814a309be54d1d2279a4ff921ea28,186
2f45fb6d3d46af0423ad2813249ac4a2,186
27ce438e6e1f602971ea0443f5d4428e,188
3e1d9bee7fa8982cbd0dd0c0aa5ce905,188
70e177868d7bc383ce3ea10b6f976ada,189
24b23168fdaa0d98e9119081cd4fdd3e,189
9f11e692a2a53a8382be86ee9713763c,190
07da1921cbc124b15d105b3e13d67eb5,190
07c70f3b440791aa82c370d17910f32f,191
a0ab09eb2842e474a3a5aed12e533a2a,191
fca7ac68a9bcfe7ec3a017257471f198,192
8f24f9bb371471be344cdb6fbcd99688,194
f72a53e19c3310188cedd074226312c9,195
3de2f5d6b216073b662a9e202fb4b556,195
9e7dc95c541eb2d8bf26affe1089821f,195
1d015de3059eb8754a365b5bbc735818,195
c3e30ed7ac989117c7e1e719b4ac128f,196
5c3fd6f239bbbd47b94fb424c8827b2e,196
e75d0b169ffeb90d4b805790ce68a239,196
6451343e4f4041fb19ddf7b9dc58538b,197
1ad74caec14332594a6e910b3d183e87,197
644b522e92999426ab230d94a4bb4512,199
7482d965e9c3156079b7ea6423fd41fa,199
5a85461739094491a96bb30267640454,199
719a6e5ecb3067f0725a36f477404c5c,201
f46657d673d95ccf8d12b1075ab7c653,201
327174d3648a2d047e8940d7d15204ca,202
4a907eba6a8d0223e39ee7d45672e26b,204
53be01f4f05aebe9d0c69268ac1999ce,204
88a7d45c0b4b7c6d948ffff9e0be1de4,204
78f9eb91b8c7b3b3967fab18283ec614,205
51d81424aa2d36bf4248ae8a4a3cc885,205
bd0c413c4350a9a29fb9bec5de64e2a6,207
e3ad7bdd4df4a7d9653820d9d67d4e49,208
f9cb3124b5a22b133f21273ef2cb0695,210
10fa97233fb64af4b6ce8316d0bc2eca,213
688026f6edb29cc7c96b287b186b03c9,213
d8da124409cad437d5d2c35b101e3b91,214
47a752e75a196b3b4edd825252ccf97f,214
c0fa242837c43fe0531989b269153441,216
a3980fc1d4915887bc4b815080e58a00,216
76609909f975f3db5b8e50e4cb9ec136,216
413e4eb37de01f40522e28ecdc268639,217
15aea757696aaf9af950992f299b6789,220
dcee66ccb49a492ae42c446c0cc01b3a,221
100a1f43c56bb71781a2231a79900488,224
8b2112b1064c167cfbccbdeb2b5841f2,225
b83a52c035258ed43d787106b1765e35,280
f8e1b8b3a3fe9b27a64dfcaaa8fc6054,280
7f6401a2da5927d2c2fe3b6b946a9f37,282
834e43588167648b6f83961cf22f940e,283
f7066703eb3987f21f0d102ea8caaeb5,284
cd9e8a4a222eb86428130d42fc684ca5,286
e03c43e6cfff88b9e06badf1de66b950,288
92732d8798add606646430bbd6748bfd,290
f4812a8b0f238b290cb25f11a975edf3,291
26b54d75fad5660ca6471905fe1793cf,291
288ba9abad93ef50e6a76089ae84aab3,293
0a634763cc1a09532dd8cbf0e74e3d48,293
04f8b803895d585e29bf21162e49cc84,294
1fcceea4a8f4e128f39d1fe92d66a0d9,295
6e668e75a724c96385d31729d5f7759b,295
0e327f32dbb22d433600688b7e9af0db,296
57a80e778f3d755b4f2166e6a60826fd,296
3c0e7686e6e39489f6a45f6c7ec0dddb,298
1e2a84cd1c6fcd7b7a07f49f1cf7f6cc,299
ac2adbbec7f0d2fffad8e21d5e8a58e1,299
54007efbb2ae51f02c995466f0738caa,300
d2c1295f655a2d436edda96084211820,301
853beae72ddb4f7a9b8c7c50dc0127e2,301
fc0a87e43ede1f423412583293815598,304
bd0027406f48f714d12dc1de747133cf,304
bf3e0df27b04abb4c107ab4df9955b29,305
a8da3378b39d078f77361620c9481ffb,305
a82596c6fd3ed643b18a2a942eb6ddc9,307
3f2a136272ab1bc4ee09e0695becffd1,308
7fd23d812013ce3b530b821d855bccbf,308
3172362312fcf09d96f02125f66b74f5,309
5f7526ec1bdd6eebdf4f7d0054cfe163,311
9ab8da6ebb84a25f23233a3a2e8cfc11,311
abcbe3ee8523b90b416337f0abd94a53,311
eb454ad6be830064d49727814426bb6e,313
b64eccfaa3c560d142a15ca43a0ddc98,314
3fc2d2c3597b3e7b87c17651f98f6c22,318
0c117e6a0b3f700bd997a11500a5c2e2,321
fe7fdf179234f77c4d0ab2ea82a82c52,322
98f57d973e7f90b1b813f13e5ebd847c,380
00dc5000951c268cc8655294daf67b1b,384
b4994d8000b83caf4875f9cf28664194,386
33d81348225fe436802063fc73e6f2c5,387
9c2bfd97ce00ce9553bdc0f34c3532b6,387
4e6e15ac583426150b75fc9b2951c7b1,389
1124225a47b3f07185073f3df3b449bf,390
f220cfabf79009211ae4493c75c742a9,390
8a6492305a5fbcdcdd1a7f5a90764c07,391
6c5532cd89a43796f19e4ac21f3b8c72,393
c34eb63cd098bf4be03d53462d7ecba2,394
f487c050e3c1f3c31f85b9f818ccc0c2,395
fef0383cea937628ff95eb48ba1ffd17,398
1d7cc0f1d0b54eac3609c5222246595b,399
a0604c9d9ef23fbf7cb7be5091201041,403
245e57794c369c8617378e285ee9755c,404
98b18a14a0472c9e4a4eb0bb77ae3592,404
ed1f42da2c5662307df13fe5648b05bf,405
5641240ccf2611004c76234f4afb8f90,406
6456e5e81dd87446f811df77548e6a6b,408
8723201570415eb23b4f095d8c20a27c,409
2b736f73615495dbfc8c911ef6378747,410
75743dbfcf177f2885a59b460017feee,410
3d2c7bb8be9ea80c1477b6778fbd2cf6,414
de4dbaab116c6ce122ca050041e1546f,414
7c9ac4388867d4cc3f1cf9c05ad7e944,423
df9a2abe2ad3f2d8758b675ac8331ecf,473
06f38e7909709a72b521a4a9d1c05841,475
67455a0673f5cf26deae5b270c003e83,491
e73083572cc595460842f5090da94662,491
38cdcd4e817aad01e8408901fa10f392,494
8292c2c5afbab7549123a2640e22044a,497
5c2d8be7b4d5836ebf6e70455ba735df,497
7f1a58f7b373d68560c1cf8e340e87ae,498
6a10f542e6f79265c34a405dbc928e37,502
5290b66ff9e0c1115614365d8e20f10c,502
cd60cded04fede4abccff6e0dea36f6e,503
0dabd1a1be08da96cd6fa993b9afb0a8,503
10d6786c2646e4ef82973b3045096882,503
9af7ea3259a69623a41b6e8bf98a52b4,510
b4abf3d319afe2544a5dd0966141ef10,510
058172f0764ed2bfad2c7aa7cb9ae15f,511
37d92d59a2b02e0256aa1d2bddcfa50d,512
921fc9c7fd3ec362c7276f81fa81baf9,512
4ddc45a9de1065695a90e87be37471c0,516
dc5cd6ec5b2df75ead63c98d5963e732,516
2852475bf1d02022e4eb5269c452259a,523
b02c6bdb3693e65bd8e9b75df65fe2c4,525
8cfebc3e119ed2fe0dd172eb59b0a595,527
1b061b1cec6b5898e5326992d9461610,588
e4dcab5f7c33b62eb67f0a87c1b7f162,591
7f95cccd5ccfb40b086d93e209d08ebf,591
58caf27a48e7930aefd5437298d64a70,598
c2bb2199cb1cff125e02122597fbfb29,598
50523d9bd9d5d9a44bbc2f778954c5ae,600
4bb1ec1ff58ad39558e8468054bfc469,606
010ed37e44e2fdc175b4c5c6c930805a,608
92c9627a1529f28cb04691b9fe1f6ec8,610
1db2d761017113fbfd4246f0402ac4e0,613
165d6a6256273a3430fa4891413ac2f0,616
5ee85f64aafcce6b24e3e1171a475ea6,618
f613b01d52b86da04ae810f173d5aaef,619
a8d2884db49e0769ad4a0b8dce2e143c,626
667f061b738858573caad66f5cc56b32,677
9dde4d7713ae64986ab6f5c9f9cf94d3,681
a55b94066766f2d29fc22a3bb52d78f6,686
7720c6892d447539b71d8bd9e4d1ef60,689
bae38661a27f6228ba38c36e766ed769,692
4fbe9e8a0ace3a44f0a9e1d7fe41da02,692
963637be23e343ea96024053fdecd723,693
9b6e0fb52eba76006d3d11ead82fad4d,696
f1a425f699458e09372b5da49c06fd33,698
c22f68de5bdce96fee03e21ca08d898d,699
